Ellen Pompeo,Dr. Meredith Grey,220,2005, 2014
Sandra Oh,Dr. Cristina Yang,220,2005, 2014
Justin Chambers,Dr. Alex Karev,220,2005, 2014
Chandra Wilson,Dr. Miranda Bailey,220,2005, 2014
James Pickens Jr.,Dr. Richard Webber,220,2005, 2014
Patrick Dempsey,Dr. Derek Shepherd,220,2005, 2014
Sara Ramirez,Dr. Callie Torres,192,2006, 2014
Kevin McKidd,Dr. Owen Hunt,140,2008, 2014
Eric Dane,Dr. Mark Sloan,138,2006, 2012
Jessica Capshaw,Dr. Arizona Robbins,130,2009, 2014
Katherine Heigl,Dr. Izzie Stevens,120,2005, 2010
Chyler Leigh,Dr. Lexie Grey,113,2007, 2012
Jesse Williams,Dr. Jackson Avery,113,2009, 2014
Sarah Drew,Dr. April Kepner,105,2009, 2014
T.R. Knight,Dr. George O'Malley,102,2005, 2009
Isaiah Washington,Dr. Preston Burke,62,2005, 2014
Kim Raver,Dr. Teddy Altman,61,2009, 2012
Camilla Luddington,Dr. Jo Wilson,46,2012, 2014
Gaius Charles,Dr. Shane Ross,46,2012, 2014
Jerrika Hinton,Dr. Stephanie Edwards,45,2012, 2014
Tessa Ferrer,Dr. Leah Murphy,40,2012, 2014
Mark Saul,Dr. Steve Mostow,37,2007, 2012
Jason George,Dr. Ben Warren,29,2010, 2014
Moe Irvin,Nurse Tyler,29,2005, 2014
Molly Kidder,Intern Megan,26,2007, 2010
Brooke Smith,Dr. Erica Hahn,25,2006, 2008
Gloria Garayua,Intern Graciella,24,2007, 2010
Jeffrey Dean Morgan,Denny Duquette,23,2006, 2009
Loretta Devine,Adele Webber,22,2005, 2013
Tina Majorino,Dr. Heather Brooks,22,2012, 2013
Joseph Williamson,Intern Pierce,22,2007, 2009
Payton Silver,Dr. Knox,21,2009, 2014
Candice Afia,Intern Laura,19,2007, 2009
Amrapali Ambegaokar,Intern Dani,19,2007, 2009
Winston Story,Intern Leo,19,2007, 2009
Sarah Utterback,Nurse Olivia Harper,18,2005, 2009
Kate Burton,Ellis Grey,18,2005, 2012
Tymberlee Hill,Intern Claire,16,2007, 2009
Scott Foley,Henry Burton,15,2010, 2012
Ray Ford,Ray the Paramedic,15,2005, 2011
Brandon Scott,Dr. Ryan Spalding,15,2008, 2009
Kate Anthony,Nurse Kate,15,2006, 2010
Jeff Perry,Thatcher Grey,14,2006, 2011
Debbie Allen,Dr. Catherine Avery,14,2011, 2014
Robert Baker,Dr. Charles Percy,13,2009, 2012
Lauren Stamile,Nurse Rose,12,2007, 2008
Justin Bruening,Paramedic Matthew, 12, 2013
Robin Pearson Rose,Patricia,12,2005, 2009
Linda Klein,Nurse Linda,12,2005, 2007
Nora Zehetner,Dr. Reed Adamson,11,2009, 2010
Jeremy Rabb,ER Resident,10,2005, 2007
Chris O'Donnell,Dr. Finn Dandridge,9,2006
Amy Madigan,Dr. Wyatt,9,2008, 2009
Mitch Pileggi,Larry Jennings,9,2007, 2012
Kali Rocha,Dr. Sydney Heron,8,2006, 2007
Rachael Taylor,Dr. Lucy Fields,8,2011
Daniel Sunjata,Nurse Eli,8,2010, 2011
Melissa George,Dr. Sadie Harris,8,2008, 2009
Joy Osmanski,Intern Lucy,8,2007, 2008
Debra Monk,Louise O'Malley,7,2006, 2011
Cress Williams,Tucker Jones,7,2006, 2008
Peter MacNicol,Dr. Robert Stark,7,2010, 2011
James Tupper,Dr. Andrew Perkins,7,2010, 2011
Charles Michael Davis,Dr. Jason Myers,7,2013
George Dzundza,Harold O'Malley,7,2005, 2007
Marguerite Moreau,Dr. Emma Marling,7,2013, 2014
Anjul Nigam,Dr. Raj Sen,7,2005, 2007
James Remar,Jimmy Evans,6,2013, 2014
Caterina Scorsone,Dr. Amelia Shepherd,6,2010, 2014
Mark Adair-Rios,David Morris,6,2014
Cathy Lind Hayes,Nurse Debbie,6,2005, 2006
Noelle McCutchen,Nurse Vivian,6,2005, 2006
Rebecca Field,Sabine McNeil,6,2014
Patricia Bethune,Nurse Ginger,6,2005, 2007
Bresha Webb,Teresa Morris,6,2014
Michael Buie,Paul Dawson,6,2013
Janora McDuffie,Social Worker Janet,6,2011, 2012
Mare Winningham,Susan Grey,6,2006, 2007
Zibby Allen,Nurse Zibby,6,2006, 2012
Kyle Red Silverstein,Ethan Dawson,6,2013
Armani Jackson,Braden Morris,6,2014
Michael O'Neill,Gary Clark,6,2010
Constance Zimmer,Dr. Alana Cahill,5,2013
Greg Pitts,Jerry O'Malley,5,2005, 2007
Tim Griffin,Ronny O'Malley,5,2005, 2007
Holley Fain,Dr. Julia Canner,5,2011, 2012
William Daniels,Dr. Craig Thomas,5,2012
Amanda Fuller,Dr. Morgan Peterson,5,2012
Leven Rambin,Sloan Riley,5,2009, 2010
Hector Elizondo,Carlos Torres,5,2007, 2013
Diahann Carroll,Jane Burke,5,2006, 2007
Thomas Barbusca,Link McNeil,5,2014
Mara Hall,Nurse Kathleen,5,2013, 2014
Steven Culp,Dr. Parker,4,2012
Roma Maffia,Roberta Thompson,4,2012, 2013
Kyle Chandler,Dylan Young,4,2006, 2007
Dominic Hoffman,Dr. Jeff Russell,4,2012, 2014
Mandy Moore,Mary Portman,4,2010
Jack Yang,Walter,4,2005, 2007
Billy Malone,Jon McNeil,4,2014
Crystal Kwon,Nurse Jolene,4,2007, 2010
Richard Keith,Intern Mitch,4,2007, 2008
Jadin Gould,Ivy McNeil,4,2014
Harley Graham,Francesca McNeil,4,2014
Hilarie Burton,Dr. Lauren Boswell,3,2013
Edward Herrmann,Dr. Norman Shales,3,2007
Kimberly Elise,Dr. Swender,3,2009
Roger Rees,Dr. Colin Marlow,3,2007
Shannon Lucio,Amanda,3,2009
Eric Stoltz,William Dunn,3,2009
Tom Irwin,Marty Hancock,3,2010, 2011
Jennifer Westfeldt,Jen Harmon,3,2009
Taye Diggs,Dr. Sam Bennett,3,2007, 2009
Ben Shenkman,Rob Harmon,3,2009
Samantha Mathis,Melinda Prescott,3,2009
Joyce Guy,Ms. Henry,3,2005, 2007
Ryan Devlin,Bill Portman,3,2010
Enid Graham,Rachel Dawson,3,2013
Tsai Chin,Helen Rubenstein,3,2005, 2007
Mandy Siegfried,Molly Thompson,3,2006, 2007
Mary McDonnell,Dr. Virginia Dixon,3,2008, 2009
Kerri Higuchi,Dr. Elizabeth Chen,3,2005, 2010
Meeghan Holaway,Doctor's Rep,3,2012, 2013
Jennifer Bassey,Nancy Dawson,3,2013
Helene McCardle,ER Doc,3,2005, 2006
Jon Schmidt,Intern Logan,3,2011, 2012
Phil Abrams,Dr. Jim Nelson,3,2009, 2010
Aaron Refvem,Jackson Prescott,3,2009
Jack Axelrod,Really Old Guy,3,2006, 2007
Miguel Nájera,Janitor Mike,3,2008, 2012
Marty Lodge,Dr. Milton,3,2005, 2010
Melissa Center,Ashley Glazier,3,2013
JD Cullum,Lloyd,3,2013, 2014
Jela K. Moore,Zola,3,2012, 2013
Christina Ricci,Hannah Davies,2,2006
Neve Campbell,Lizzie Shepherd,2,2012
Margaret Welsh,Dorie Russell,2,2005
Anna Maria Horsford,Liz Fallon,2,2005, 2007
Curtis Armstrong,Robert Martin,2,2005
Paul Adelstein,Dr. Cooper Freedman,2,2007
Pat Healy,Tom Russell,2,2005
Jillian Armenante,Mindy Carlson,2,2006
Martha Plimpton,Pam Michaelson,2,2009
LisaGay Hamilton,Dr. Connie Ryan,2,2013
Eddie Jemison,Stan Grossberg,2,2013
Monica Keena,Bonnie Crasnoff,2,2005, 2007
Amy Brenneman,Dr. Violet Turner,2,2007
Gale Morgan Harold III,Shane,2,2007
Mariette Hartley,Betty Kenner,2,2008
Tessa Thompson,Camille Travis,2,2006
Tim Daly,Dr. Pete Wilder,2,2007
Dean Norris,Vince,2,2007
Frankie Faison,William Bailey,2,2009, 2013
Hallee Hirsh,Claire,2,2006
Clea DuVall,Jennifer Robinson,2,2008
Ron Perkins,Roy Henley,2,2010
Kelly Wolf,Carly Height,2,2007
Cliff De Young,Phil Loomis,2,2008
Mackenzie Astin,Danny Wilson,2,2011
Tiffany Hines,Natalie,2,2006
Dylan Bruno,Griffith Lewis,2,2011, 2012
Summer Glau,Nurse Emily Kovach,2,2012
Veronica Cartwright,Lydia Ashford,2,2013
John Billingsley,Jacob Nolston,2,2007
Aasha Davis,Rina,2,2007
Merrin Dungey,Dr. Naomi Bennett,2,2007
Paul Perri,Rick's Friend,2,2007
John Getz,Michael Breyers,2,2008
James Immekus,Andrew Langston,2,2008
Zoe Boyle,Clara Ferguson,2,2009
Amy Price-Francis,Susannah Wilson,2,2011
Kathleen Early,Dr. Daisy Pepman,2,2008, 2009
John Cothran,Ken Monroe,2,2008
Debra Mooney,Mrs. Hunt,2,2009, 2010
Chris Lowell,William 'Dell' Parker,2,2007
Kevin Rankin,Jack Vaughan,2,2007
Mae Whitman,Heather Douglas,2,2007
Kathryn Meisle,Liz Monroe,2,2008
Bernadette Peters,Sarabeth Breyers,2,2008
Laura Allen,Beth Whitman,2,2009
Zack Shada,Andy Michaelson,2,2009
Jordan Belfi,Nick,2,2012
Charles Duckworth,Brian,2,2006
Judith Hoag,Rhada Douglas,2,2007
Kimberly Huie,Mary Daltrey,2,2007
Alison La Placa,Mrs. Nolston,2,2007
Theo Rossi,Stan Giamatti,2,2007
Brian Tee,Andy,2,2007
Kathy Baker,Anna Loomis,2,2008
Jason O'Mara,Phillip Robinson,2,2008
Heather Hemmens,Sasha,2,2013
John Bishop,James Carlson,2,2006
Jeffrey Markle,Greg,2,2007
Amber Bela Muse,Laura Lewis,2,2011, 2012
Bruce Beatty,Jerry Hoffman,2,2011
Jana Kramer,Lola,2,2008
Bobby Campo,Brian,2,2013
Elaine Kao,NICU Nurse,2,2005, 2007
Billy Mayo,Rick,2,2007
Paula Weston Solano,OB Nurse,2,2006
Seth Green,Nick Hanscom,2,2007
Derek Phillips,Dale,2,2007
James DuMont,Sheldon Morris,2,2009, 2010
Susan Merson,Lorraine,2,2009
Adam Shapiro,Pete,2,2010
Brian Chenoweth,Scared Guy,2,2007
Bellamy Young,Kathy,2,2007
Jurnee Smollett-Bell,Beth Monroe,2,2008
T'Shaun Barrett,Jon,2,2009, 2011
Kelly McCreary,Dr. Maggie Pierce,2,2014
Keith Sellon-Wright,Surgeon #1,2,2006
Danielle Kennedy,Angry Woman,2,2007
Raphael Sbarge,Paul,2,2007
Stephen Bishop,Firefighter,2,2008
Ameenah Kaplan,Makena,2,2011, 2013
Elizabeth Bond,Kimmie Kepner,2,2013
Shanelle Workman,Sara Giamatti,2,2007
China Anderson,Ruby,2,2010
Rigo Sanchez,Stan the Paramedic,2,2005, 2006
Stephanie Niznik,Carol,2,2007
Paul Norwood,Scared Guy #2,2,2007
Sterling Knight,Kip,2,2008
Leith M. Burke,Dr. McQueen,2,2010, 2012
Justin Benson,Drew Lewis,2,2011, 2012
Grace Bannon,Alice Kepner,2,2013
Regi Davis,Dr. Kevin Fisher,2,2009, 2010
Dale Waddington,OB Resident,2,2010, 2012
Dan Conroy,Robert,2,2011, 2012
Bianca Taylor,Elena,2,2012, 2013
David Paluck,Surgeon #2,2,2006
Madison Leisle,Lisa the Child,2,2007
Jerry Zatarain Jr.,David,2,2008
John Duerler,Grant,2,2013
Emily Happe,Libby Kepner,2,2013
David Anders,Jim,2,2007
Kelli Kirkland,Claire,2,2012, 2013
Christian Alexander,Will,2,2008
Martinez,Don Glazier,2,2013
Becky Wahlstrom,Lisa,2,2007
Evelyn Reese,Grandma,2,2011, 2012
Misha Gonz-Cirkl,Social Worker,2,2013
Sean Abbott,Reverend Drew,2,2013
Yvans Jourdain,Businessman,2,2007
Cameron Watson,Rick,2,2007
Sarah Lilly,Joyce Basche,2,2013
Gary Hershberger,Doug,2,2007
Tom Costello,Seth Lepik,2,2013
Janina Gavankar,Intern Lisa,2,2008
Cynthia Youngblood,ER Nurse,2,2013
Emma Prescott,Lucy Nolston,2,2007
Suzi Hofrichter,Sandra Nolston,2,2007
Mary Joy,Tillie,2,2007
Parker Goris,Garrett Nolston,2,2007
Garon Grigsby,Keith,2,2007
Jane Clark,Nurse,2,2007
Merrel Molly,Resident,2,2009, 2011
Kelly Bacon,Nurse,2,2014
Ochuwa Oghie,Lebo,1 episode,2011
Ever Carradine,Athena,1 episode,2005
Keith David,Lloyd Mackie,1 episode,2005
Alice Lo,Qing Lu,1 episode,2005
Joan McMurtrey,Zoey Glass,1 episode,2005
Brent Sexton,Jerry Frost,1 episode,2005
Skyler Shaye,Katie Bryce,1 episode,2005
Bruce Weitz,Edward Levangie,1 episode,2005
Alex Alexander,Annie Connors,1 episode,2005
Randall Arney,Mr. Bryce,1 episode,2005
Rosanna Arquette,Constance Ferguson,1 episode,2005
Arija Bareikis,Savannah,1 episode,2005
Callum Blue,Viper,1 episode,2005
Lauren Bowles,Alice Franklin,1 episode,2005
Wendy Gazelle,Julie Phillips,1 episode,2005
Angela Goethals,Kelly Roesch,1 episode,2005
Russell Hornsby,Digby Owens,1 episode,2005
Mimi Kennedy,Verna Bradley,1 episode,2005
Brian Kerwin,Holden McKee,1 episode,2005
Scarlett Lam,Ahn,1 episode,2005
Thomas Ian Nicholas,Jeremiah Tate,1 episode,2005
Jenny O'Hara,Nadia's Mother,1 episode,2005
Michelle Ongkingco,Nicole Verma,1 episode,2005
Kevin Rahm,Mr. Duff,1 episode,2005
F.J. Rio,Jorge Cruz,1 episode,2005
Jonathan Scarfe,Hank,1 episode,2005
Carole Cook,Sophie Larson,1 episode,2006
Betty Garrett,Eleanor,1 episode,2006
Stephen Spinella,Malar Pascowitz,1 episode,2006
Timothy Bottoms,Carl Murphy,1 episode,2005
Scott Michael Campbell,Mr. Hubble,1 episode,2005
François Chau,Mr. Chue,1 episode,2005
Valerie Cruz,Zona Cruz,1 episode,2005
Wendy Davis,Holly Adams,1 episode,2005
Jane Galloway Heitz,Annie's Mom,1 episode,2005
Kathryn Joosten,Stephanie Drake,1 episode,2005
Elaine Kagan,Kimberly Griswold,1 episode,2005
Claire Lautier,Shelley Davidson,1 episode,2005
Amanda MacDonald,Claire Rice,1 episode,2005
Don McManus,Samuel Linden,1 episode,2005
Helen Slater,Nadia Shelton,1 episode,2005
Josh Stamberg,Tommy Walker,1 episode,2005
Joseph Lyle Taylor,Weiss,1 episode,2005
Bruce A. Young,Tom Maynard,1 episode,2005
Rae Allen,Ruth,1 episode,2006
Teddy Dunn,Heath Mercer,1 episode,2006
Donovan Leitch Jr.,Rick Friart,1 episode,2006
Mary Kay Place,Olive Warner,1 episode,2006
Mark Pellegrino,Chris,1 episode,2007
Ben Vereen,Archie,1 episode,2007
Miguel Sandoval,Hank,1 episode,2012
Thom Barry,CDC Investigator,1 episode,2013
Hart Bochner,Julian Crest,1 episode,2013
Todd Stashwick,Mr. Kramer,1 episode,2013
Shelley Berman,Jed Sorento,1 episode,2005
Brent Briscoe,Henry Lamott,1 episode,2005
Kim Morgan Greene,Tina Rice,1 episode,2005
Francis Guinan,Mr. Verma,1 episode,2005
Sarah Hagan,Devo Friedman,1 episode,2005
Barry Shabaka Henley,Mr. Patterson,1 episode,2005
Michael Hyatt,Marian Davidson,1 episode,2005
Taylor Nichols,Rick Humphrey,1 episode,2005
Lara Phillips,Mary Levangie,1 episode,2005
Romy Rosemont,Lea Seibert,1 episode,2005
Robbie Troy,Mrs. Bryce,1 episode,2005
Kym Whitley,Yvonne,1 episode,2005
Wayne Wilderson,Bill Adams,1 episode,2005
Jillian Bach,Gretchen,1 episode,2006
Jayne Brook,Gwen Graber,1 episode,2006
Monica Calhoun,Mrs. Wood,1 episode,2006
John Cho,Marshall Stone,1 episode,2006
Ann Cusack,Amy,1 episode,2006
Nancy Linari,Sophie's Daughter,1 episode,2006
Julio Oscar Mechoso,Chuck Eaton,1 episode,2006
Faith Prince,Sonya Cowlman,1 episode,2006
Richard Roundtree,Donald Burke,1 episode,2006
Lauren Tom,Audrey,1 episode,2006
Caroline Aaron,Connie,1 episode,2007
David Denman,Rick Jacobs,1 episode,2007
Brennan Elliott,Dave Krisler,1 episode,2007
Michael McGrady,Stanley Singer,1 episode,2007
Sandra Thigpen,Clara,1 episode,2007
Amy Aquino,Marianne Grandy,1 episode,2008
Glenne Headly,Elizabeth Archer,1 episode,2008
Adrienne Barbeau,Jodie Crawley,1 episode,2009
Tyne Daly,Carolyn Shepherd,1 episode,2009
Sharon Lawrence,Robbie Stevens,1 episode,2009
Larry Sullivan,Dave Young,1 episode,2009
Scott Cohen,Dr. Tom Evans,1 episode,2010
Sarah Paulson,Young Ellis Grey,1 episode,2010
Marion Ross,Betty Donahue,1 episode,2010
Tom Bower,Mr. Schultz,1 episode,2013
Beth Grant,Sheila Olsen,1 episode,2013
Mike Hagerty,Al Keller,1 episode,2013
Andy Milder,Dr. Darryl Nessbaum,1 episode,2013
Sunkrish Bala,Steve Murphy,1 episode,2005
Lukas Behnken,Scott Seibert,1 episode,2005
Andrew Bilgore,Tim Epstein,1 episode,2005
Brian Breithaupt,Mr. Gaston,1 episode,2005
Catherine Dao,Dr. Knox,1 episode,2005
Cynthia Ettinger,Jana,1 episode,2005
Lee Garlington,Fara Linden,1 episode,2005
Michelle Krusiec,Anna Chue,1 episode,2005
Geoffrey Rivas,Stu Vargas,1 episode,2005
Reni Santoni,Mr. Griswold,1 episode,2005
Abigail Breslin,Megan Clover,1 episode,2006
Myndy Crist,Mrs. Hanson,1 episode,2006
Arye Gross,Adam Morris,1 episode,2006
Leisha Hailey,Claire Solomon,1 episode,2006
Roxanne Hart,Dana Seabury,1 episode,2006
Edwin Hodge,Greg Stanton,1 episode,2006
Stephen Lee,Mr. Gibson,1 episode,2006
Omar Metwally,Jesse Fannon,1 episode,2006
John Prosky,Mr. Singleton,1 episode,2006
Jonathan Slavin,Rick,1 episode,2006
Jessica Tuck,Shannon's Mom,1 episode,2006
Arlene Tur,Pamela Calva,1 episode,2006
Fred Ward,Denny Duquette Sr.,1 episode,2006
Michael Boatman,Doug Kendry,1 episode,2007
Rachel Boston,Rachel,1 episode,2007
Stephanie Childers,Nancy Walters,1 episode,2007
Rockmond Dunbar,Sean Brotherton,1 episode,2007
Nicholas Gonzalez,Clark West,1 episode,2007
Eve Gordon,Mary Chapman,1 episode,2007
Matt Lanter,Adam Singer,1 episode,2007
Jason London,Jeff Pope,1 episode,2007
Larry Brandenburg,Arnie Grandy,1 episode,2008
Scott Haven,Randy Begler,1 episode,2008
Carl Lumbly,Kurt Walling,1 episode,2008
Tzi Ma,Mr. Patterson,1 episode,2008
Cheech Marin,Otis Sharon,1 episode,2008
Daniel J. Travanti,Barry Patmore,1 episode,2008
David Bowe,Don,1 episode,2009
James Frain,Tom Crawley,1 episode,2009
Erica Gimpel,Bethany Anderson,1 episode,2009
Joel Grey,Dr. Singer,1 episode,2009
Emily Kuroda,Kendall Sully,1 episode,2009
Audra McDonald,Dr. Naomi Bennett,1 episode,2009
Michael Rady,Mike Shelley,1 episode,2009
Ralph Waite,Irving Waller,1 episode,2009
Tess Harper,Mrs. Nelson,1 episode,2010
Gregg Henry,Dr. Gracie,1 episode,2010
Richard T. Jones,Captain Dan,1 episode,2010
Demi Lovato,Hayley May,1 episode,2010
Glenn Morshower,Walter,1 episode,2010
Pamela Reed,Mrs. Banks,1 episode,2010
Diane Venora,Audrey Taylor,1 episode,2010
Ivar Brogger,Graham Cunningham,1 episode,2012
Tim De Zarn,Santa Claus,1 episode,2012
Ethan Embry,Dr. David Moore,1 episode,2012
Adina Porter,Dr. Ramsey,1 episode,2012
Dale Dickey,Emily 'Gasoline' Bennett,1 episode,2013
Dave Florek,Herman Crum,1 episode,2013
Chris McGarry,Danny Wayne,1 episode,2013
Jordan Wright,Theo,1 episode,2013
Daniel Bess,Pete Willoughby,1 episode,2005
Tom Choi,Fluoroscope Tech,1 episode,2005
Jeff Doucette,Warren Sterman,1 episode,2005
Dennis Gubbins,Paul,1 episode,2005
Brittany Ishibashi,Talia,1 episode,2005
Juliette Jeffers,Mary,1 episode,2005
Joseph Kell,Mr. Rice,1 episode,2005
Katherine LaNasa,Vera Kalpana,1 episode,2005
Kathe Mazur,Mrs. Epstein,1 episode,2005
Lynne Marie Stewart,Pre-op Nurse,1 episode,2005
Ping Wu,Seymour Glass,1 episode,2005
Patti Yasutake,Mrs. Verma,1 episode,2005
Zina Zaflow,Nurse,1 episode,2005
Graham Beckel,Jim Johnson,1 episode,2006
Clare Carey,Nikki Gibson,1 episode,2006
Larry Clarke,Paul,1 episode,2006
Jack Conley,Jasper Hovey,1 episode,2006
Stephanie Faracy,Mrs. Sullivan,1 episode,2006
Becca Gardner,Bex Singleton,1 episode,2006
Albert Hall,Eugene Foote,1 episode,2006
Mark Harelik,Keith Polace,1 episode,2006
Liza Lapira,Noelle Lavatte,1 episode,2006
June Lockhart,Agnes,1 episode,2006
Justina Machado,Anna Nyles,1 episode,2006
Ken Marino,Brad Ackles,1 episode,2006
Peter Paige,Benjamin O'Leary,1 episode,2006
Jesse Plemons,Jake Burton,1 episode,2006
Tim Rhoze,Kyle Booker,1 episode,2006
Michaela Watkins,Nikki Ratlin,1 episode,2006
Marina Black,Sally,1 episode,2007
Rocky Carroll,James,1 episode,2007
Amy Hill,Joanne,1 episode,2007
Stephanie March,Jane,1 episode,2007
Matt McTighe,Vincent,1 episode,2007
Steven M. Porter,Joey,1 episode,2007
Maggie Siff,Ruthie Sales,1 episode,2007
Jessica Stroup,Jillian Miller,1 episode,2007
Dee Wallace,Joan Waring,1 episode,2007
D.B. Woodside,Marcus Kane,1 episode,2007
Bre Blair,Lauren Pailey,1 episode,2008
Paul Dooley,Dr. Walter Tapley,1 episode,2008
John M. Jackson,Kevin Covington,1 episode,2008
Lauri Johnson,Grandma Ruth,1 episode,2008
Joshua Malina,Seth Hammer,1 episode,2008
George Newbern,Stan Mercer,1 episode,2008
Jim Ortlieb,Jack O'Brien,1 episode,2008
Kay Panabaker,Emma Anderson,1 episode,2008
August Schellenberg,Clay Bedonie,1 episode,2008
Tom Verica,Michael Norris,1 episode,2008
Tom Amandes,Charlie Waller,1 episode,2009
Obba Babatundé,David Gates,1 episode,2009
Bill Fagerbakke,Roy Mackinaw,1 episode,2009
Amy Gumenick,Becca Wells,1 episode,2009
Molly Hagan,Jackie,1 episode,2009
Wendy Hoopes,Tricia Shelley,1 episode,2009
Faran Tahir,Isaac,1 episode,2009
Dennis Boutsikaris,Don Taylor,1 episode,2010
Frances Conroy,Eleanor,1 episode,2010
Amanda Foreman,Nora,1 episode,2010
Sara Gilbert,Kim Allen,1 episode,2010
Melinda Page Hamilton,Dr. Jennifer Stanley,1 episode,2010
Chelcie Ross,Dr. Harper Avery,1 episode,2010
Cynthia Stevenson,Ruthie Carlin,1 episode,2010
Ernie Hudson,Dr. Brad McDougall,1 episode,2011
Judith Ivey,Barbara Robbins,1 episode,2011
Lee Majors,Chuck Cain,1 episode,2011
Doris Roberts,Gladys Polcher,1 episode,2011
Ken Weiler,Rob Colvin,1 episode,2011
Rene Auberjonois,Neil Sheridan,1 episode,2012
Elizabeth Franz,Emma Carroll,1 episode,2012
James Le Gros,Jerry,1 episode,2012
Trever O'Brien,Bryan Greenberg,1 episode,2012
Mary Lynn Rajskub,Marion Steiner,1 episode,2012
Andrew James Allen,Colby McKee,1 episode,2005
Michelle Arthur,Brooke,1 episode,2005
Laura Carson,Gloria Savitch,1 episode,2005
Regan Forman,Gwen Hayes,1 episode,2005
Chris Hendrie,Dr. Harry Victor,1 episode,2005
Stacey Hinnen,Mr. Johnson,1 episode,2005
Richard Jenik,Jimmy Shelton,1 episode,2005
Dinah Lee,Grungy Chick,1 episode,2005
Patty McCormack,Rebecca Franklin,1 episode,2005
Janet Rotblatt,Esme Sorento,1 episode,2005
Joseph Sikora,Shane Herman,1 episode,2005
Charles Walker,Dr. Chesney,1 episode,2005
Jennifer Aspen,Elena,1 episode,2006
Jusak Bernhard,Seminar Teacher,1 episode,2006
Alexandra Billings,Donna Gibson,1 episode,2006
Gabriel Casseus,Taylor Tressel,1 episode,2006
Shannon Cochran,Mrs. Singleton,1 episode,2006
Natalie Cole,Sylvia Booker,1 episode,2006
Chris Conner,Mr. Nyles,1 episode,2006
Jill Holden,Naomi Cline,1 episode,2006
Tina Holmes,Rebecca Bloom,1 episode,2006
Jean Louisa Kelly,Rose Ward,1 episode,2006
Sarah Lafleur,Melanie Reynolds,1 episode,2006
Michael Milhoan,Doug Thomas,1 episode,2006
Kenneth Mitchell,Wade Solomon,1 episode,2006
Francesca P. Roberts,Mrs. Bird,1 episode,2006
Matt Roth,Michael,1 episode,2006
Lois Smith,Mrs. Dickerson,1 episode,2006
Pepper Sweeney,Lisa's Dad,1 episode,2006
Debra Christofferson,Elaine,1 episode,2007
Catherine Dent,Cathy Rogerson,1 episode,2007
Tommy Dewey,Mike,1 episode,2007
Miriam Flynn,Gretchen Bitzer,1 episode,2007
James Gammon,Mr. Scofield,1 episode,2007
Joe Holt,Steve Beck,1 episode,2007
Mary-Margaret Humes,Nancy Jennings,1 episode,2007
Brent Jennings,Charles Redford,1 episode,2007
Ronobir Lahiri,Mr. Hanson,1 episode,2007
Amy Landers,Marla Kristler,1 episode,2007
Vicki Lewis,Harriet,1 episode,2007
Bonnie Bartlett,Rosemary Bullard,1 episode,2008
Rosalind Chao,Kathleen Patterson,1 episode,2008
Benny Ciaramello,Darren Covington,1 episode,2008
Colleen Flynn,Nancy Mercer,1 episode,2008
Leslie Grossman,Lauren Hammer,1 episode,2008
Ed Lauter,Timothy Miller,1 episode,2008
Samantha Quan,Shelly Boden,1 episode,2008
John Sloan,David Pailey,1 episode,2008
Regina Taylor,Greta,1 episode,2008
Candace Brown,Milo,1 episode,2009
Erin Cahill,Meg Shelley,1 episode,2009
Zach Gilford,Charlie Lowell,1 episode,2009
Alexie Gilmore,Sarah Freemont,1 episode,2009
Khamani Griffin,Wallace Anderson,1 episode,2009
Erinn Hayes,Cathy Becker,1 episode,2009
Isabella Hofmann,Irene Waller,1 episode,2009
Peter Mackenzie,Warren Kramer,1 episode,2009
Kellie Martin,Julie Zelman,1 episode,2009
Danielle Panabaker,Kelsey Simmons,1 episode,2009
Grant Show,Archer Montgomery,1 episode,2009
Roberto Urbina,Jordan,1 episode,2009
Todd Waring,Tobin,1 episode,2009
José Zúñiga,Anthony Meloy,1 episode,2009
Dan Bucatinsky,Jeffrey,1 episode,2010
Ashley Crow,Linda Cotler,1 episode,2010
Diane Farr,Lila Davis,1 episode,2010
Allan Louis,Ronald Lace,1 episode,2010
Candice Patton,Meg Waylon,1 episode,2010
Missi Pyle,Dr. Nicole Baylow,1 episode,2010
Wendy Raquel Robinson,Gina Thompson,1 episode,2010
Jessica Anne Bogart,Lindsay Colvin,1 episode,2011
Marilu Henner,Mrs. Moser,1 episode,2011
Vedette Lim,Dr. Polly Preston,1 episode,2011
Angela Paton,Martha Elkin,1 episode,2011
Drew Powell,Carl Shatler,1 episode,2011
Patrick Fischler,Jake Steiner,1 episode,2012
Rance Howard,Martin Carroll,1 episode,2012
Holland Roden,Gretchen Shaw,1 episode,2012
Matt Servitto,Florist,1 episode,2012
Lorraine Toussaint,Dr. Fincher,1 episode,2012
Julie Dretzin,Mrs. Hall,1 episode,2013
Wes Ramsey,Jimmy,1 episode,2013
Robert Wisdom,Attorney Hamilton,1 episode,2013
Anne Dudek,Elise Castor,1 episode,2014
Patrick Fabian,Dr. Oliver Lebackes,1 episode,2014
John Rubinstein,Keith Calber,1 episode,2014
Tyrees Allen,Dr. Saltzman,1 episode,2005
Pedro Barreira,Kevin,1 episode,2005
Bill Birch,J.P.,1 episode,2005
Kate Blumberg,Daisy,1 episode,2005
Chad Einbinder,Sam Friedman,1 episode,2005
Yvonne Farrow,Heart Patient's Wife,1 episode,2005
Kate Forster,Jane Richie,1 episode,2005
Jim Gleason,Dr. Domner,1 episode,2005
Michael Matthys,Dr. Kent,1 episode,2005
Rudolph McCollum,Viper's Male Friend,1 episode,2005
Elise Robertson,Ms. Johnson,1 episode,2005
C.J. Sanders,Justin Davidson,1 episode,2005
Alan Blumenfeld,Shawn Sullivan,1 episode,2006
Andrew Borba,Chris Ward,1 episode,2006
Christopher Boyer,Tom Cline,1 episode,2006
Lanei Chapman,Lianne Tressel,1 episode,2006
Emy Coligado,Janelle Duco,1 episode,2006
Joanie Fox,Sara's Mom,1 episode,2006
Margo Harshman,Jennifer Morris,1 episode,2006
Kelley Hazen,Mrs. Mercer,1 episode,2006
Alexandra Holden,Jamie Carr,1 episode,2006
Annie Morgan,Gretchen,1 episode,2006
Sydney Tamiia Poitier,Deborah Fleiss,1 episode,2006
Elizabeth Sampson,Ruth O'Leary,1 episode,2006
Gabriel Tigerman,Noah Reynolds,1 episode,2006
Matt Winston,Frank Jeffries,1 episode,2006
David Burke,Don,1 episode,2007
Michael P. Byrne,Mr. Miller,1 episode,2007
David Clennon,Jack Shandley,1 episode,2007
Suzanne Cryer,Caroline Klein,1 episode,2007
Jasmine Di Angelo,Kelley Hanson,1 episode,2007
Rowena King,Celeste Newman,1 episode,2007
Tanya Linette Smith,Jennifer,1 episode,2007
Amanda Loncar,Jackie Escott,1 episode,2007
Elisabeth Moss,Nina Rogerson,1 episode,2007
Camille Winbush,Camille Travis,1 episode,2007
Madeline Zima,Marissa,1 episode,2007
Christa B. Allen,Holly Anderson,1 episode,2008
George Coe,Ed Bullard,1 episode,2008
Steven Flynn,Scott Robinson,1 episode,2008
Carol Locatell,Mai,1 episode,2008
Zilah Mendoza,Kyra Marhsall,1 episode,2008
Suzy Nakamura,Jenn Smith,1 episode,2008
John Allen Nelson,Arthur Saltonoff,1 episode,2008
Saige Thompson,Lindsay Herman,1 episode,2008
Adair Tishler,Tori Begler,1 episode,2008
Jack Gwaltney,Frank Newsbaum,1 episode,2009
Robin Gwynne,Becca's Mom,1 episode,2009
Elden Henson,Matt Smithson,1 episode,2009
Susane Lee,Beth Dearborn,1 episode,2009
Alanna Masterson,Hillary Boyd,1 episode,2009
Michael Merton,Dexter,1 episode,2009
Perrey Reeves,Margaret,1 episode,2009
Nina Siemaszko,Kate Carlson,1 episode,2009
Jocko Sims,Randy,1 episode,2009
Amy Sloan,Kelly,1 episode,2009
Liza Weil,Allison Clark,1 episode,2009
Omid Abtahi,Aasif,1 episode,2010
Amber Benson,Corrine Henley,1 episode,2010
Jamie Chung,Trina Paiz,1 episode,2010
Christian Clemenson,Ivan Fink,1 episode,2010
Dana Davis,Gretchen,1 episode,2010
Kimberly Guerrero,Lindsay Mcneil,1 episode,2010
Randee Heller,Joanne,1 episode,2010
Paul Vogt,Aaron Mafrici,1 episode,2010
John Walcutt,Mr. Cotler,1 episode,2010
Audrey Wasilewski,Nicole Waldman,1 episode,2010
Todd Buonopane,Greg,1 episode,2011
Wilmer Calderon,Raul Aranda,1 episode,2011
L. Scott Caldwell,Allison Cobb,1 episode,2011
Wilson Cruz,Kyle,1 episode,2011
Alexa Havins,Danielle,1 episode,2011
Scott Klace,Dr. Jordan Wagner,1 episode,2011
Dash Mihok,Clay,1 episode,2011
Judith Moreland,Mrs. Baer,1 episode,2011
Karly Rothenberg,Ruth Bennet,1 episode,2011
Robin Weigert,Karen Lawrence,1 episode,2011
Stefanie Black,Roxie Meyers,1 episode,2012
Alexis Carra,The Other Woman,1 episode,2012
Philip Casnoff,Dr. Mel Barnett,1 episode,2012
Kari Coleman,Mother,1 episode,2012
Brendan Michael Coughlin,Charley Evans,1 episode,2012
Ellen Crawford,Carrie Reisler,1 episode,2012
Vanessa Marano,Holly Wheeler,1 episode,2012
Joe Nieves,Michael Baker,1 episode,2012
Zoe Perry,Katy,1 episode,2012
Jim Turner,Dr. Schacter,1 episode,2012
Cheryl White,Mrs. Connors,1 episode,2012
Missy Yager,Terri,1 episode,2012
Jason Antoon,Mr. Samuels,1 episode,2013
Anthony Azizi,Syrian Doctor,1 episode,2013
Raymond J. Barry,Gene Steers,1 episode,2013
Illeana Douglas,Dr. Alma,1 episode,2013
Mary Pat Gleason,Marge Walker,1 episode,2013
Currie Graham,Greg,1 episode,2013
Valerie Mahaffey,Donna Kaufman,1 episode,2013
Annie Potts,Joyce Bosco,1 episode,2013
Navi Rawat,Heidi,1 episode,2013
Julie Warner,Mrs. Lanz,1 episode,2013
Ted Welch,Dante Kane,1 episode,2013
Jeffrey Addiss,Greg,1 episode,2014
Charlie Hofheimer,Jason Castor,1 episode,2014
Robert Joy,Marty,1 episode,2014
Peter Birkenhead,Dr. Orsen,1 episode,2005
Larry Cahn,Dr. Taylor,1 episode,2005
Monica Garcia,Peds Nurse,1 episode,2005
Jon Hershfield,Doyle,1 episode,2005
Lisa Kaminir,Doris Friedman,1 episode,2005
Kelsey Kemper,Shelley's Daughter,1 episode,2005
Kai Lennox,Speed,1 episode,2005
Kylie Milne,Ellen Parkins,1 episode,2005
Sean Moran,Lou Bradley,1 episode,2005
Dee Nelson,Cheryl Leonard,1 episode,2005
Sendhil Ramamurthy,Intern #2,1 episode,2005
Todd Babcock,Dr. Matthew Savoy,1 episode,2006
Paul Cassell,Mr. Hanson,1 episode,2006
Stephanie Erb,Mrs. Gantry,1 episode,2006
Frances Fisher,Betty Johnson,1 episode,2006
Javier Grajeda,Jeffrey Hernandez,1 episode,2006
Jesse Head,Will,1 episode,2006
Anne Moore,Penny Gibson,1 episode,2006
Jim Parrack,Ted Carr,1 episode,2006
Emilee Wallace,Amelia Carver,1 episode,2006
Mia Wesley,Karen's Mom,1 episode,2006
Shohreh Aghdashloo,Dr. Helen Crawford,1 episode,2007
Kathleen Mary Carthy,Mrs. Miller,1 episode,2007
Ramon De Ocampo,James Benton,1 episode,2007
Kurt Fuller,Jerry,1 episode,2007
Tim Hopper,Dustin Klein,1 episode,2007
Ron Melendez,Will,1 episode,2007
Dylan Minnette,Ryan,1 episode,2007
Brooke Nevin,Tricia Hale,1 episode,2007
Steve Sandvoss,Jason,1 episode,2007
Martin Spanjers,Hunter Chapman,1 episode,2007
Madeline Carroll,Ivy Soltanoff,1 episode,2008
David Giuntoli,Todd,1 episode,2008
April Grace,Greta's Sister,1 episode,2008
Leslie Odom Jr.,P.J. Walling,1 episode,2008
Kathleen Rose Perkins,Sarah,1 episode,2008
Sheila Shaw,Michelle Begler,1 episode,2008
Kristen Ariza,Angela,1 episode,2009
Louis Giambalvo,John Terzian,1 episode,2009
Trent Gill,David,1 episode,2009
Megan Henning,Willow Zelman,1 episode,2009
Tim Maculan,Luke,1 episode,2009
John Paul Pitoc,Billy Sheehan,1 episode,2009
Greta Sesheta,Shayna,1 episode,2009
Kim Swennen,Kelly,1 episode,2009
Hillary Tuck,Julie Jacobson,1 episode,2009
Derek Webster,Mr. Anderson,1 episode,2009
Blake Bashoff,Elliott Meyer,1 episode,2010
Geoffrey Blake,Jim,1 episode,2010
Camille Chen,Kerry Schultz,1 episode,2010
Art Chudabala,Jerry Adams,1 episode,2010
Jon Curry,Fred Fisher,1 episode,2010
Wynn Everett,Christy Cornell,1 episode,2010
Ravi Kapoor,Sunder Atluri,1 episode,2010
Jerry Kernion,Bobby Corso,1 episode,2010
John Lacy,Zack,1 episode,2010
Bubba Lewis,Kendrick Nystrom,1 episode,2010
Lenora May,Sheila Turkovsky,1 episode,2010
Jake McLaughlin,Aaron Karev,1 episode,2010
Judy Prescott,Donna Bevell,1 episode,2010
Nicholas Purcell,Doug,1 episode,2010
Bridget Sienna,Mrs. Cortez,1 episode,2010
Deborah Strang,Ellie Ratigan,1 episode,2010
Denis Arndt,Colonel Robbins,1 episode,2011
Christopher Carrington,Sam Kenton,1 episode,2011
Joelle Carter,Mary,1 episode,2011
Matt Doherty,Carter,1 episode,2011
Jason Gray-Stanford,Josh Englander,1 episode,2011
Tracey Leigh,Sarah Cooke,1 episode,2011
Mason McCulley,Ryan,1 episode,2011
Harrison Page,Daniel Cobb,1 episode,2011
Amy Rosoff,Kira Donnelly,1 episode,2011
Susan Ruttan,Mrs. Swork,1 episode,2011
Beverly Todd,Gilda Ruiz,1 episode,2011
Nancy Travis,Allison Baker,1 episode,2011
Alfre Woodard,Justine Campbell,1 episode,2011
James Avery,Sam,1 episode,2012
Michael Carbonaro,Dominic Zicaro,1 episode,2012
Matthew Carey,Will,1 episode,2012
Stacy Edwards,Kathleen Wheeler,1 episode,2012
Thad Luckinbill,Kevin Banks,1 episode,2012
Burl Moseley,Jason,1 episode,2012
Graham Sibley,Noah Rutstein,1 episode,2012
Danny Strong,Paul,1 episode,2012
Elizabeth Tobias,Boise Chief,1 episode,2012
Mandy June Turpin,Karla,1 episode,2012
Ned Vaughn,Airline Rep,1 episode,2012
Ryan Wynott,Wes Connors,1 episode,2012
Rachel Brosnahan,Brian Weston,1 episode,2013
Jere Burns,Ben Bosco,1 episode,2013
Gordon Clapp,Mr. Kaufman,1 episode,2013
Jason Dechert,Travis Reed,1 episode,2013
Blue Deckert,Frank,1 episode,2013
Rosemary Dominguez,Cara McAdams,1 episode,2013
Laura Heisler,Carla,1 episode,2013
Richard Kahan,Stuart Loeb,1 episode,2013
Eric Ladin,Victor Brown,1 episode,2013
Tracy Vilar,Becca,1 episode,2013
Erin Way,Donna Woods,1 episode,2013
Bernard White,Dr. Darwich,1 episode,2013
Brian Howe,Robert Fisher,1 episode,2014
Holmes Osborne,Dr. Kenzie,1 episode,2014
Keke Palmer,Cheryl Jeffries,1 episode,2014
Sarayu Rao,Pam,1 episode,2014
Sally Ann Brooks,Marie Lamont,1 episode,2005
Mike Faiola,Guy,1 episode,2005
Richard Gilbert-Hill,Small Town Doc,1 episode,2005
Gary Kraus,Louis Cardon,1 episode,2005
Jane Morris,Ms. Goff,1 episode,2005
Jack Shearer,Jordan Franklin,1 episode,2005
Doug Sinclair,Brett Hayes,1 episode,2005
Yolanda Snowball,Physical Therapist,1 episode,2005
Michael Arden,Neal Hannigan,1 episode,2006
Annie Campbell,Anna,1 episode,2006
Noah Gray-Cabey,Shawn Beglight,1 episode,2006
Harrison Knight,Andrew Willis,1 episode,2006
Ricardo Molina,ID Resident Amir,1 episode,2006
Regine Nehy,Cheyenne Wood,1 episode,2006
Jeff Rubino,Jeff Bloom,1 episode,2006
Kevin Will,Len Gantry,1 episode,2006
Judi Barton,Board Member,1 episode,2007
Enuka Okuma,Teresa Brotherton,1 episode,2007
Stewart Skelton,Dr. Fischer,1 episode,2007
Stephen Sowan,Danny Metcalf,1 episode,2007
Marc Vann,Hematologist,1 episode,2007
Chryssie Whitehead,Helena Boye,1 episode,2007
Marshall Allman,Jeremy West,1 episode,2008
Ken Barnett,Freddie,1 episode,2008
Max Burkholder,Duncan Pailey,1 episode,2008
Avery Clyde,Elyse,1 episode,2008
Michael Hagiwara,Charles,1 episode,2008
Troy Westbrook,Paramedic,1 episode,2008
Jason Kravits,Chuck Rubin,1 episode,2009
Adam Lazarre-White,Oncology Resident,1 episode,2009
Joyce Lee,Julia,1 episode,2009
Darcy Martin,Sharon,1 episode,2009
Jim Metzler,Priest,1 episode,2009
Nathan West,Mike,1 episode,2009
Destiny Whitlock,Maddy Carlson,1 episode,2009
Webster Williams,Alison's Father,1 episode,2009
Derek Cecil,Sean Allen,1 episode,2010
Cathryn de Prume,Mrs. Nash,1 episode,2010
Matthew Fahey,Greg Bevell,1 episode,2010
Annie Fitzgerald,Kathy Nelson,1 episode,2010
Brian George,Emile,1 episode,2010
Omar Gooding,Danny,1 episode,2010
Susan Grace,Jane Smitte,1 episode,2010
Nathan Halliday,Jake Fisher,1 episode,2010
Charlie Koznick,Trey,1 episode,2010
Alan Mandell,Henry Stamm,1 episode,2010
Vanessa Martinez,Gretchen Price,1 episode,2010
Kenneth Meseroll,Ron Turkovsky,1 episode,2010
Walter Perez,Russ,1 episode,2010
David Ramsey,Jimmy Thompson,1 episode,2010
J. August Richards,Young Richard Webber,1 episode,2010
Philip Shahbaz,Arab Translator,1 episode,2010
Sinqua Walls,Tom Kates,1 episode,2010
Rosalie Ward,Melissa Corso,1 episode,2010
Moon Unit Zappa,Kelly,1 episode,2010
Lawrence Adimora,Jason Kenton,1 episode,2011
Michael Beach,Mr. Baker,1 episode,2011
Gina Gallego,Lucia Torres,1 episode,2011
Sprague Grayden,Mrs. Gordon,1 episode,2011
Robert Hoffman,Chad,1 episode,2011
Jeff Holman,Mr. Felker,1 episode,2011
Jeremy Howard,Keith Hitchens,1 episode,2011
Sam McMurray,Mr. Moser,1 episode,2011
Paula Newsome,Mrs. Sturgeon,1 episode,2011
Rick Peters,Sean Greene,1 episode,2011
Josh Randall,William,1 episode,2011
Keong Sim,Dr. Park,1 episode,2011
Amber Stevens,Laurel Pinson,1 episode,2011
Desean Terry,Colin Cooke,1 episode,2011
Toni Torres,Annette Aranda,1 episode,2011
Laila Ayad,Laura Morgan,1 episode,2012
Kevin Brief,Barry,1 episode,2012
Skyler Day,Emery James,1 episode,2012
Rebecca Hazlewood,Dr. Mara Keaton,1 episode,2012
Kiersten Lyons,Naomi,1 episode,2012
Stella Maeve,Lilly,1 episode,2012
Gil McKinney,Chris,1 episode,2012
Brian Scolaro,Mike Zicaro,1 episode,2012
Dana Sorman,Sharon,1 episode,2012
Craig Susser,Dr. Hurst,1 episode,2012
Cloie Wyatt Taylor,Annie,1 episode,2012
Nia Vardalos,Karen,1 episode,2012
Cynthia Watros,Mrs. Connor,1 episode,2012
Frank Wood,Frank Wheeler,1 episode,2012
Elizabeth Anweis,Brie,1 episode,2013
Richard Augustine,Carlos McAdams,1 episode,2013
Lou Carbonneau,Harvey,1 episode,2013
Annette O'Toole,Madeline Skurski,1 episode,2013
Matt Pascua,Jess,1 episode,2013
Nosheen Phoenix,Whitney,1 episode,2013
Lorna Raver,Creepy Old Woman,1 episode,2013
David Rees Snell,Richy Rich,1 episode,2013
Alex Désert,Miles Green,1 episode,2014
Graham Hamilton,Abraham,1 episode,2014
Lindsey Kraft,Lisa Campbell,1 episode,2014
Erin Allin O'Reilly,Jodi Penderglass,1 episode,2014
April Seba,Worried Mom,1 episode,2014
Rick Worthy,Ray Phillips,1 episode,2014
Kathleen Bailey,Reproductive Counselor,1 episode,2005
Alan Fudge,Ernie,1 episode,2005
Peter Howard,Hal Leonard,1 episode,2005
Sonia Jackson,Patient #1,1 episode,2005
Steve Monroe,Orderly,1 episode,2005
Grinnell Morris,Intern #4,1 episode,2005
Bashir Salahuddin,Bailey's Husband,1 episode,2005
Alie Ward,Tina Herman,1 episode,2005
Scott Lusby,Med Tech,1 episode,2006
O. Austin Rey,Bomb Squad #1,1 episode,2006
Bryce Robinson,Timothy Ward,1 episode,2006
Jason Sklar,Jake Weitzman,1 episode,2006
John Balma,Contest Judge,1 episode,2007
Braeden Lemasters,Brian,1 episode,2007
Shelley Robertson,Arlene,1 episode,2007
Eileen Fogarty,Mrs. Chen's Sister,1 episode,2008
Jeffrey D. Sams,Andre,1 episode,2008
Carol Ann Susi,Mrs. Dorsokowski,1 episode,2008
Andre Ware,Dr. Evett,1 episode,2008
Sam Anderson,Michael Whitman,1 episode,2009
Carlease Burke,Mrs. Gates,1 episode,2009
Faye Dunaway,Dr. Margaret Campbell,1 episode,2009
Ernie Grunwald,Gary Rubin,1 episode,2009
T.J. Lowther,Dr. Hank McKee,1 episode,2009
Emily Roche,Jo,1 episode,2009
Chelsea Taylor,Alison's Mother,1 episode,2009
Kathleen Wilhoite,Leslie Goldman,1 episode,2009
Paola Andino,Lily,1 episode,2010
Lance Barber,Phil,1 episode,2010
Emily Bergl,Trisha,1 episode,2010
Kelvin Brown,Frankie,1 episode,2010
Jeff Cole,Mr. Nash,1 episode,2010
Courtney Ford,Jill Meyer,1 episode,2010
Roshawn Franklin,Todd Holmes,1 episode,2010
Spencer Garrett,Jim Walker,1 episode,2010
Angela Elayne Gibbs,Mrs. Rollins,1 episode,2010
Chuck Hittinger,Mitch,1 episode,2010
Sarah Hunley,Adriana Kay,1 episode,2010
Jolene Kim,Tess Adams,1 episode,2010
Kate Martin,Vickie Fisher,1 episode,2010
Abigail McFarlane,Jamie Anders,1 episode,2010
Rachel Nicks,Alicia Tatum,1 episode,2010
Deborah Puette,Trish,1 episode,2010
Bob Rumnock,ND Doctor,1 episode,2010
Susan Slome,Mindy Gruberman,1 episode,2010
Caroline Williams,Alison Clark,1 episode,2010
Jake Abel,Tyler Moser,1 episode,2011
Newell Alexander,Ed Beckert,1 episode,2011
Shelli Boone,Paula Glass,1 episode,2011
Laura Breckenridge,Julia,1 episode,2011
Anthony Keyvan,Miguel Aranda,1 episode,2011
Caroline Macey,Dana,1 episode,2011
Sabrina Perez,Marlene,1 episode,2011
Carolyn Power,Victoria,1 episode,2011
Dale Raoul,NICU Nurse,1 episode,2011
Tommy Snider,Edward Taylor,1 episode,2011
Pej Vahdat,Tarik Amin,1 episode,2011
Dondre Whitfield,Oliver,1 episode,2011
David DeLuise,Charlie Connor,1 episode,2012
Karole Foreman,Olivia,1 episode,2012
Peri Gilpin,Marcy,1 episode,2012
Jessy Hodges,Donna Freeman,1 episode,2012
Elly Jaresko,Melissa,1 episode,2012
Andrew Leeds,Andy,1 episode,2012
Rebecca Lowman,Mrs. James,1 episode,2012
Marilyn McIntyre,Jill,1 episode,2012
Ginny McMath,Irene,1 episode,2012
Nate Mooney,Randy,1 episode,2012
Jimmy Smagula,Tommy Zicaro,1 episode,2012
Maura Soden,Librarian,1 episode,2012
Scout Taylor-Compton,Angie,1 episode,2012
Julie Wittner,Mrs. Crossley,1 episode,2012
A. Russell Andrews,Mr. Davis,1 episode,2013
Donielle Artese,Ari Rocchi,1 episode,2013
Jeremiah Birkett,John,1 episode,2013
Kirk Bovill,Brian Turner,1 episode,2013
Michael Reilly Burke,Mr. Finch,1 episode,2013
Josh Clark,Lenny Shulte,1 episode,2013
Jay Cramer,Mickey Wenschler,1 episode,2013
Lexi DiBenedetto,Simmi Johnson,1 episode,2013
Logan Fahey,Brad Parker,1 episode,2013
Lainie Kazan,C.J.,1 episode,2013
Benjamin King,Dalton Marks,1 episode,2013
Mekenna Melvin,Ella's Babysitter,1 episode,2013
Michael Milillo,Larry Hall,1 episode,2013
Brett Rickaby,Mr. Weston,1 episode,2013
Treva Tegtmeier,Doris Samuels,1 episode,2013
Susan Chuang,Naomi Evans,1 episode,2014
Emily Davenport,Monica Zarr,1 episode,2014
Jesse Johnson,Logan Treadwell,1 episode,2014
Hayley McFarland,Rory Williams,1 episode,2014
Heaven White,Zola,1 episode,2014
Troy Curvey Jr.,Father Michael,1 episode,2005
Amie Donegan,NICU Nurse #2,1 episode,2005
Darlene Kegan,Ruby Walker,1 episode,2005
Brian Reid,Waiter,1 episode,2005
David Vegh,Tony Savitch,1 episode,2005
Brandon Melgar,Harley,1 episode,2006
Laurie Metcalf,Beatrice Carver,1 episode,2006
Natalie Okamoto,Yumi Miyazaki,1 episode,2006
Randy Sklar,Peter Weitzman,1 episode,2006
Daniel Tatar,Clerk #1,1 episode,2006
Jamal Thomas,Larry the Paramedic,1 episode,2006
Karl T. Wright,Mediator,1 episode,2006
Amanda Collins,Marina,1 episode,2007
Courtney Hope,Ariana,1 episode,2007
D.W. Moffett,Allan,1 episode,2007
Bhama Roget,Erin Shandley,1 episode,2007
Joe Camareno,Lucas Marshall,1 episode,2008
Larkin Campbell,Mr. Anderson,1 episode,2008
Sam Daly,Will,1 episode,2008
Chet Grissom,Uncle Pat,1 episode,2008
Rajni Kareer,Mrs. Patel,1 episode,2008
B.K. Cannon,Girl Band Geek,1 episode,2009
Heather Corwin,Casey's Mom,1 episode,2009
Nealla Gordon,Jill Boyd,1 episode,2009
Mary-Charles Jones,Jessica Smithson,1 episode,2009
Saundra McClain,Lawyer,1 episode,2009
Jon Rowland,Alison's Boyfriend,1 episode,2009
Jarrod Bailey,Seth Gruberman,1 episode,2010
Mia Barron,Lauren Turner,1 episode,2010
Joel Bond,Marina Worker,1 episode,2010
Jeanette Brox,Shelley,1 episode,2010
Sean Carrigan,Todd,1 episode,2010
Chastity Dotson,Leslie Wilson,1 episode,2010
Jennifer Say Gan,Dr. Keating,1 episode,2010
John Hemphill,Brad Nystrom,1 episode,2010
Austin Highsmith,Amber Courier,1 episode,2010
Elizabeth Ho,Molly,1 episode,2010
Ian Jensen,Phillip Nichols,1 episode,2010
Giselle Jones,Jessie Kates,1 episode,2010
Zachary Knower,Nick Kelsey,1 episode,2010
Mark Kogan,Hospital Lawyer,1 episode,2010
Terrell Lee,Diplomatic Security Guard,1 episode,2010
Fred Ochs,Mr. Kaplan,1 episode,2010
Brian Poth,Keith,1 episode,2010
Eric Ramey,Warren Griffith,1 episode,2010
James Shanklin,Lt. Josh Moore,1 episode,2010
Bambadjan Bamba,Sefu,1 episode,2011
Elizabeth Bogush,Gia,1 episode,2011
Adam Busch,Fred Wilson,1 episode,2011
Peggy Dunne,Louise,1 episode,2011
Patricia Forte,Mrs. Glass,1 episode,2011
Anthony S. Johnson,Transplant Surgeon,1 episode,2011
Frank Kopyc,John Driscoll,1 episode,2011
Frank Maharajh,Paramedic Driver,1 episode,2011
Patrick Mapel,Ricky,1 episode,2011
Sharon Muthu,Fran,1 episode,2011
Kosha Patel,Tia,1 episode,2011
Marina Sirtis,Sonya Amin,1 episode,2011
Stacy Barnhisel,Gretchen,1 episode,2012
Austin Basis,Devin,1 episode,2012
Ayanna Berkshire,Surgeon #1,1 episode,2012
Peter Breitmayer,Carson Methodist Doctor,1 episode,2012
Corey Craig,Brian Danzinger,1 episode,2012
Dan D'Amicol,Good Samaritan,1 episode,2012
Jane Daly,Meredith's Examiner,1 episode,2012
John Deignan,Vincent Freeman,1 episode,2012
Sean Donnellan,Mr. Crossley,1 episode,2012
Nicole DuPort,Theresa,1 episode,2012
Stacie Greenwell,Mrs. Vanderburg,1 episode,2012
Chelsea Harris,Lori Bosson,1 episode,2012
Marcuis Harris,Rob Mays,1 episode,2012
Lak Rana,N.D. Peds Surgeon,1 episode,2012
Tacey Adams,Widow Amos,1 episode,2013
Michelle Ang,Elise,1 episode,2013
Danielle Bisutti,Mr. Finch's Mistress,1 episode,2013
James Moses Black,Duncan Mischer,1 episode,2013
Nazanin Boniadi,Amrita,1 episode,2013
Tiffany Boone,Jaelyn Donovan,1 episode,2013
Robert John Brewer,Philip Walker,1 episode,2013
Sarah Chalke,Casey Hedges,1 episode,2013
Abbie Cobb,Frankie Keller,1 episode,2013
Milda Dacys,Marla Shulte,1 episode,2013
Paul Eiding,Stan,1 episode,2013
David Goryl,Ron Campion,1 episode,2013
Peter Katona,Marcus Kane,1 episode,2013
Jaye Razor,Rage,1 episode,2013
Taja V. Simpson,Samantha Calder,1 episode,2013
Jean Villepique,ER Nurse,1 episode,2013
Rhobye Wyatt,Judge Laura Schuffman,1 episode,2013
Bob Gebert,Mario,1 episode,2014
Paul James,Eric,1 episode,2014
Abigail Mavity,Ariel Williams,1 episode,2014
Tyler Ritter,Mr. Zarr,1 episode,2014
Gregor Manns,Levi Johnson,1 episode,2005
Scott Michael Morgan,Patient #2,1 episode,2005
Vanessa Rogers,Jamie Hayes,1 episode,2005
Dan Wilson,Radiology Tech,1 episode,2005
Libby Barnes,Dr. #1,1 episode,2006
Joshua Cabrera,Eric Sanborn,1 episode,2006
Gary Carlos Cervantes,Mr. Calva,1 episode,2006
Julie Granata,Clerk #2,1 episode,2006
Haley Ramm,Shannon,1 episode,2006
Soledad St. Hilaire,Lola,1 episode,2006
Patti Tippo,Cindy Thomas,1 episode,2006
Tony Adelman,Hurts When He Pees,1 episode,2007
Julia Ling,Emma,1 episode,2007
Randy Thompson,Frank Waring,1 episode,2007
Meg Cionni,Nikki,1 episode,2008
Fidel Gomez,Morgue Attendant,1 episode,2008
Ren Hanami,Ms. Chen,1 episode,2008
Bruce Katzman,Wayne Sheehan,1 episode,2008
Perry Smith,Mrs. Anderson,1 episode,2008
Mason Cook,Casey,1 episode,2009
Jeff Davis,Recruiting Officer,1 episode,2009
Alicia Hannah,Jasmine,1 episode,2009
Mickey Maxwell,Minister,1 episode,2009
Marcus McGee,Boy Band Geek,1 episode,2009
Andrew Miller,Danny Becker,1 episode,2009
James Nardini,Anguished Father,1 episode,2009
Eric Payne,Dan,1 episode,2009
John Sloman,Dr. Jordan Kenley,1 episode,2009
Angelo Tiffe,Trey Boyd,1 episode,2009
Ursula Whittaker,Angry Attending #1,1 episode,2009
Dalila Ali Rajah,Leanne,1 episode,2010
Kevin Dunigan,Swat Guy,1 episode,2010
Amy Farrington,Mary May,1 episode,2010
Christina Grance,Pharmaceutical Rep,1 episode,2010
Jacquelyn Houston,Realtor,1 episode,2010
Adam Kulbersh,Tommy,1 episode,2010
Julie Lancaster,Dina,1 episode,2010
Barry Livingston,Wayne Sheehan,1 episode,2010
Annie O'Donnell,Older Woman,1 episode,2010
Christina Scherer,Lauren,1 episode,2010
Alyssa Shafer,Kelly Temple,1 episode,2010
Aidan Walter,Noah,1 episode,2010
John Henry Canavan,Stewart Tyler,1 episode,2011
Mark Chaet,Judge Wesley Harms,1 episode,2011
Kevin Christy,Brady Sullivan,1 episode,2011
Luke Diliberto,Intern #2,1 episode,2011
Michael Esparza,Marcus,1 episode,2011
Jamai Fisher,Charissa,1 episode,2011
Brett Glazer,Paramedic Brett,1 episode,2011
Hugh B. Holub,Ben,1 episode,2011
Sage Ryan,Kyle Baker,1 episode,2011
Maurice Whitfield,Cop,1 episode,2011
Boo Arnold,Nate,1 episode,2012
Cory Blevins,Doctor #2,1 episode,2012
Charles Emmett,Mr. Bosson,1 episode,2012
Tom Everett,Jackson's Examiner,1 episode,2012
Francesca Ferrara,Anne,1 episode,2012
Dan Gordon,Flight Attendant,1 episode,2012
Annie LaRussa,Dorie Danzinger,1 episode,2012
Sonya Leslie,Rita,1 episode,2012
Jes Macallan,Hillary,1 episode,2012
J. Rene Pena,Female Driver,1 episode,2012
Alyssa Preston,Kimmy's Mama,1 episode,2012
Ann Ryerson,Dr. Margaret Goodwin,1 episode,2012
Mark Edward Smith,Gary,1 episode,2012
Carla Vila,Angela,1 episode,2012
Michael Albala,Harvest Surgeon,1 episode,2013
Jaime Alvarez,Suited Man,1 episode,2013
Rob Brownstein,Larry,1 episode,2013
Patrick Cavanaugh,Vince Cruse,1 episode,2013
Evan Crooks,Will,1 episode,2013
Barry Cullison,Gray Hair,1 episode,2013
Helen Eigenberg,Lillian Campion,1 episode,2013
Suzanne Ford,Hazel Parker,1 episode,2013
Rick Gifford,Davis Calder,1 episode,2013
Laya DeLeon Hayes,Taryn Davis,1 episode,2013
Steve Kehela,Andy Carmichael,1 episode,2013
Molly Leland,Kathleen Kane,1 episode,2013
Kristin Lindquist,Lenore,1 episode,2013
Andy Manning,Tony Keller,1 episode,2013
Bobby Neely,Tilden,1 episode,2013
Alina Phelan,Karen Marks,1 episode,2013
Lou Richards,Steven Basche,1 episode,2013
Ben Stillwell,James Leggett,1 episode,2013
James Wellington,Bartender,1 episode,2013
Caryn West,Maura Brooks,1 episode,2013
Mark Atteberry,Brian Williams,1 episode,2014
Gabriel Bateman,Jared Cole,1 episode,2014
Deanne Bray,Nicole,1 episode,2014
Micah Cohen,Glen,1 episode,2014
Maria McCann,Renee,1 episode,2014
Alexis Stier,Annie Cooper,1 episode,2014
Connie Ventress,Paula,1 episode,2014
Seth Adams,Radiologist,1 episode,2005
Sharmila Devar,Female Intern,1 episode,2005
Cindy Drummond,Louis' Wife,1 episode,2005
Karen Lew,Dr. Hoffman,1 episode,2005
Brad Pennington,Radiologist,1 episode,2005
Rebecca Rogers,Jamie Hayes,1 episode,2005
Alex Stamm,Josh Shelton,1 episode,2005
Brooke Bryan,Mia,1 episode,2006
Deborah Geffner,Mrs. Burton,1 episode,2006
Kelli King,Sara,1 episode,2006
P.D. Mani,Anesthesiologist,1 episode,2006
Tom Ormeny,Dr. #2,1 episode,2006
Monica Sanchez,Holly Sanborn,1 episode,2006
Obie Sims,Neuro Fellow,1 episode,2006
Yutaka Takeuchi,Kamaji,1 episode,2006
David Downs,Man,1 episode,2007
Melissa Fitzgerald,Social Worker,1 episode,2007
Jeremiah Hu,Fingerless Guy,1 episode,2007
Rhomeyn Johnson,Manager,1 episode,2007
David J. Lee,Sprained Ankle,1 episode,2007
Meghan Lynch,Courtney,1 episode,2007
Martha Boles,Lisa,1 episode,2009
Caroline Choi,Laura Young,1 episode,2009
Brock Cuchna,Recruiting Clerk,1 episode,2009
Bruce French,Father Kevin,1 episode,2009
Jakob Miller,Danny Becker,1 episode,2009
Matt Wheeler,John Jacobson,1 episode,2009
Amy Benedict,Nancy Temple,1 episode,2010
Stephen Gabriel,Lucas Nash,1 episode,2010
James Francis Ginty,Dr. Russell,1 episode,2010
Jonathan Goldstein,Ken May,1 episode,2010
Jason Graham,Ken,1 episode,2010
Christine Marie,Paramedic,1 episode,2010
Michael Medico,Martin,1 episode,2010
Corey Mendell Parker,Brian Wilson,1 episode,2010
Stevie Potter,Kim,1 episode,2010
Amol Shah,Dr. Rob Stanton,1 episode,2010
Liz Wicker,Officer #1,1 episode,2010
Paul Zies,Biker Dude,1 episode,2010
Lou Beatty Jr.,Miguel Ruiz,1 episode,2011
Evans Brown,Orderly,1 episode,2011
Jeffrey Doornbos,Mitch Turner,1 episode,2011
Eamon Hunt,Judge,1 episode,2011
Amanda Leighton,Sarah Cassidy,1 episode,2011
Anne Leyden,Pharmacist,1 episode,2011
Anehita Okojie,Abena,1 episode,2011
Houston Rhines,Boy,1 episode,2011
Andrea Savo,Intern Nina,1 episode,2011
Noah Schuffman,Randy Shouse,1 episode,2011
Louie Alegria,Doctor #3,1 episode,2012
Ron Bottitta,Alex's Examiner,1 episode,2012
Saige Ryan Campbell,Abby Anderson,1 episode,2012
Lizzy Davis,Barista,1 episode,2012
Matthew Downs,Frank,1 episode,2012
Hayley Holmes,Kimmy,1 episode,2012
Brian Houtz,Resident,1 episode,2012
Matthew Iott,Ken Danzinger,1 episode,2012
Kathy Jensen,Shannon,1 episode,2012
Carlos Luna,Chuck,1 episode,2012
Julie Mann,Paula,1 episode,2012
John Pollono,Charlie Bilson,1 episode,2012
Carmella Riley,Dr. Simpson,1 episode,2012
Albie Selznick,Columbia Rep,1 episode,2012
Rosalyn Sidewater,Mrs. Bosson,1 episode,2012
Noel Arthur,Deputy Fire Chief,1 episode,2013
Bob Bancroft,Leonard Olsen,1 episode,2013
Emil Beheshti,Plaid Bow Tie,1 episode,2013
Gerald Downey,Dr. Kenton Giles,1 episode,2013
Karla Droege,Lisa Brinn,1 episode,2013
Steven M. Gagnon,Mr. Lepik,1 episode,2013
Kate Rene Gleason,Elyse Cruse,1 episode,2013
Noah Harpster,Ike Morris,1 episode,2013
Tonja Kahlens,Courtney,1 episode,2013
Kelly LaMarr,Mr. Warren,1 episode,2013
Angela Lin,Barbara Yu,1 episode,2013
Joey Luthman,Michael,1 episode,2013
Melanie McComb,Reese Woods,1 episode,2013
Lili Mirojnick,Talia,1 episode,2013
David Naughton,Nick Parker,1 episode,2013
Michael-James Olsen,Brock,1 episode,2013
Victoria Park,Sales Person,1 episode,2013
Marcanthonee Reis,Tuck,1 episode,2013
Xander Taylor,Pablo Walker,1 episode,2013
Alex Wraith,Oscar Hallis,1 episode,2013
Chad Addison,Sam Roane,1 episode,2014
Shakira Barrera,Young Mom,1 episode,2014
Paul Hungerford,Applicant #1,1 episode,2014
Matthew Jaeger,Kyle,1 episode,2014
Meghan Maureen McDonough,Rita Belmont,1 episode,2014
Fawnda McMahan,Patricia Williams,1 episode,2014
Alex Skinner,Intern,1 episode,2014
Megan Stier,Liz Cooper,1 episode,2014
Autumn Withers,Marilyn,1 episode,2014
Peyton Hinson,Intern #2,1 episode,2005
Johanna McKay,Grieving Widow,1 episode,2005
Tyshawn Bryant,Friend #1,1 episode,2006
David Grant Wright,Mr. Burton,1 episode,2006
Jake Mailey,Uncle Jim,1 episode,2007
Liz Montgomery,Coughing Lady,1 episode,2007
Mark Daugherty,Evan,1 episode,2009
Lori Harmon,Rachel,1 episode,2009
Freda Foh Shen,Missy Grant,1 episode,2009
John Ainsworth,Young Thatcher Grey,1 episode,2010
Anthony Batarse,Emir's Aid,1 episode,2010
Cody Christian,Brad Walker,1 episode,2010
Jarrod Crawford,Dr. Oslow,1 episode,2010
Masam Holden,Reilly Nash,1 episode,2010
Dougald Park,Lawyer,1 episode,2010
Alejandro Pina,Intern,1 episode,2010
Kelsey Scott,Karen,1 episode,2010
Jay Sefton,Officer #2,1 episode,2010
Rachel Sondag,Eileen,1 episode,2010
Toussaint Waterman,Cop,1 episode,2010
Catheryn Brockett,Bentley Nurse,1 episode,2011
Mark Charran,Hudson Powell,1 episode,2011
Jodi Harris,Audrey Hobart,1 episode,2011
Holly Hyman,Clerk,1 episode,2011
Colleen McDermott,Clara Greene,1 episode,2011
Steven Meek,Doctor,1 episode,2011
Benjamin Scott Perry,Chuck Fowler,1 episode,2011
Arriane Alexander,Gate Attendant,1 episode,2012
William Charlton,Jeff,1 episode,2012
Richardson Chery,Kevin's Friend,1 episode,2012
Lonnie Colón,Doctor #4,1 episode,2012
Gatsby Coram,Truck Driver,1 episode,2012
LaTonya Holmes,Ruth,1 episode,2012
Ross Mackenzie,Dr. Mitchell,1 episode,2012
Anil Margsahayam,Dr. Barrett,1 episode,2012
Rocky McMurray,Hunter,1 episode,2012
Christopher Michael,Ray,1 episode,2012
Jill Remez,April's Examiner,1 episode,2012
Hilary Ward,Dr. Thompson,1 episode,2012
Bridger Zadina,Michael,1 episode,2012
Mackenzie Aladjem,Emma,1 episode,2013
Steve Alderfer,Manager,1 episode,2013
Sharon Battle,Teacher,1 episode,2013
Craig Blair,Tim,1 episode,2013
Bryan Chesters,John Brinn,1 episode,2013
Paul Terrell Clayton,Mr. Donovan,1 episode,2013
Thomas F. Duffy,The Hammer,1 episode,2013
Anita Finlay,Lady Donor,1 episode,2013
Mike Holley,Leon,1 episode,2013
Olivia-Diane Joseph,Nurse,1 episode,2013
Mandy Levin,Dana Leggett,1 episode,2013
James McAndrew,Nate,1 episode,2013
Kovar McClure,Dr. Tim Redmond,1 episode,2013
Ken Michelman,Dr. Goyle,1 episode,2013
Henry G. Sanders,Dr. Hudson,1 episode,2013
Aaron Scotti,Firefighter,1 episode,2013
Chelan Simmons,Brenda,1 episode,2013
Idara Victor,Amelie Ward,1 episode,2013
Vito Viscuso,Pilot,1 episode,2013
Robert Alan Beuth,Mr. Gorder,1 episode,2014
Ricki Bhullar,Young Dad,1 episode,2014
Raney Branch,Nova Jenkins,1 episode,2014
Michael Canavan,Lawyer,1 episode,2014
Dar Dixon,Dr. Krogan,1 episode,2014
Kunal Kumar,Mike,1 episode,2014
Danny Nero,Anesthesiologist,1 episode,2014
Josh Bywater,Intern #1,1 episode,2005
Sarah McDermott,Leah Epstein,1 episode,2005
Alex Thayer,Allison,1 episode,2005
Donna Hardy,Grace Bickham,1 episode,2006
Frank Merino,Funeral Home Guy,1 episode,2006
Brad Sachs,Tech,1 episode,2006
Michelle N. Carter,Proctor,1 episode,2007
Michael James Thompson,Cousin Joe,1 episode,2007
Nelson Mashita,Proctor,1 episode,2008
Jody Sclavos,ER Nurse,1 episode,2008
Jamie Dettman,Stacy Pollock,1 episode,2009
Joshua Kai,Nicholas Jacobson,1 episode,2009
Ron Roggé,Fire Captain,1 episode,2009
Cliff Berens,Patient,1 episode,2010
Ammar Daraiseh,Aide,1 episode,2010
Kristin Johnson,Nurse,1 episode,2010
Jonathan Dane,Michael Fazioli,1 episode,2011
Jay Ellis,D.J.,1 episode,2011
Mark Fite,Jared Cassidy,1 episode,2011
Peter Gregory,Jonathan,1 episode,2011
Cantrell Harris,Rescue Worker,1 episode,2011
Ken Takemoto,Trial Patient #1,1 episode,2011
Ina Barron,Nurse Colleen,1 episode,2012
Neena Bidasha,Rina,1 episode,2012
Tammy Dahlstrom,Orderly,1 episode,2012
Pat Destro,Boise Nurse,1 episode,2012
Kelly Keaton,Other Person,1 episode,2012
Catherine Kwong,Dr. Claire Hiatt,1 episode,2012
Kayla Madison,Allegra,1 episode,2012
Aly Mawji,Dr. Russell,1 episode,2012
Marcus Mitchell,Driver,1 episode,2012
J.T. Sherwood,Rob,1 episode,2012
Julia Silverman,Janet,1 episode,2012
Emily Berry,Screaming Woman,1 episode,2013
Tanner Buchanan,Lucas,1 episode,2013
Aileen Burdock,Publicist,1 episode,2013
Ron Butler,Jordan Shouse,1 episode,2013
Andy Forrest,Maintenance Worker,1 episode,2013
Edward Gloria,Rob Kane,1 episode,2013
Dawn Greenidge,Mrs. Donovan,1 episode,2013
Anthony Montgomery,Chris Ward,1 episode,2013
Leah Morgan,Nyah,1 episode,2013
Doug Simpson,Phil Leggett,1 episode,2013
Nichole Bloom,Leanne,1 episode,2014
Jane Fleiss,Jill,1 episode,2014
Gregory Linington,Applicant #3,1 episode,2014
Amy Okuda,Chelsea Ansell,1 episode,2014
Tatum Pónce,Penny,1 episode,2014
Enn Reitel,Gerhardt Strauss,1 episode,2014
Shannon Welles,Babs Martin,1 episode,2014
Gregory Erff,Mr. Jones,1 episode,2005
Chip Keyes,Big Man,1 episode,2005
Sean McDermott,Jake Epstein,1 episode,2005
Larry Weissman,Psych Patient #1,1 episode,2005
Carmen Mormino,Monnie,1 episode,2006
Damon Standifer,Hazmat Guy,1 episode,2006
Laura Chinn,Jamie,1 episode,2007
Kim Delgado,Search & Rescue Guy #1,1 episode,2007
Nichelle Hines,Young Woman,1 episode,2007
Suzanne Quinn,Clinic Nurse,1 episode,2007
Ajay Vidure,Intern 1,1 episode,2007
Ewan Chung,Tech Guy,1 episode,2009
Chelsea Ricketts,Jeanie,1 episode,2009
Justin Alston,CT Tech,1 episode,2010
Stephon Fuller,Gregor,1 episode,2010
Claire Geare,Young Meredith,1 episode,2010
Mike Kersey,Sales Clerk,1 episode,2010
Joel Kindrick,Judge,1 episode,2010
Aaron Perilo,Peter Gekofsky,1 episode,2010
Tracy Maddox,Sophia Cassidy,1 episode,2011
Oren Skoog,Phil,1 episode,2011
Karen Tarleton,Trial Patient #2,1 episode,2011
Elayn J. Taylor,Loretta,1 episode,2011
Veena Bidasha,Tina,1 episode,2012
David Burdulis,Bartender,1 episode,2012
Martin Chavez,Lab Tech,1 episode,2012
Wendy Haines,Nurse,1 episode,2012
Sarah Hudson,Lisa,1 episode,2012
Connie Jackson,L & D Nurse,1 episode,2012
Jordana Oberman,Janell,1 episode,2012
Patrick Quinlan,Flight Nurse,1 episode,2012
Bryson Thomas,Riley,1 episode,2012
Wesley Thompson,Therapist,1 episode,2012
John M. Adrian,Executive One,1 episode,2013
Nate Bynum,Neurosurgeon #1,1 episode,2013
Mandy Fabian,Susan Kane,1 episode,2013
Michael Hyland,Desk Clerk,1 episode,2013
Herbie Jackson,Adam,1 episode,2013
Elisabeth Noone,Bess Lepik,1 episode,2013
Jeris Poindexter,Mr. Strickland,1 episode,2013
Paull Walia,Dr. Kan Mattoo,1 episode,2013
Kennedy Barry,Little Girl,1 episode,2014
Brooke Baumer,Obstetrician,1 episode,2014
Clint Culp,Mr. Quaid,1 episode,2014
Aida Lembo,Toni Platt,1 episode,2014
JoAnna Rhambo,CCU Nurse,1 episode,2014
Gianin Loffler,Psych Patient #2,1 episode,2005
Jeff Marlow,Drunk Man,1 episode,2005
Savannah McDermott,Jesse Epstein,1 episode,2005
Elizabeth Goldstein,Giselle Toussant,1 episode,2006
Preston James Hillier,Cop,1 episode,2007
Liv Hutchings,Hannah,1 episode,2007
Jade T. Reyes,Zoe Marshall,1 episode,2008
Jon Bradford,Danny's Dad,1 episode,2009
Andrew Mackin,Frat Guy,1 episode,2009
Joshua Wolf Coleman,Lawyer,1 episode,2010
Kinsey McLean,Billy Linneman,1 episode,2010
Maz Siam,Emir's Chief of Staff,1 episode,2010
Darius Dudley,Trial Patient #3,1 episode,2011
Jalen Harris,Kondo,1 episode,2011
Arianna Ortiz,Jessica Schoman,1 episode,2011
Natalie Smyka,Student,1 episode,2011
Aidan Andrews,Nico,1 episode,2012
Emjay Anthony,Oliver Lefkowitz,1 episode,2012
Sam Ayers,Detective,1 episode,2012
Jonte LeGras,Nurse #2,1 episode,2012
Tony Mirrcandani,Isaac,1 episode,2012
Jeffrey Muller,Code Team Person,1 episode,2012
Nicole J. Butler,Jess,1 episode,2013
Louis Carazo,Bartender,1 episode,2013
Mark Chadwick,Cam Miller,1 episode,2013
Mark Chadwick,Cam Miller,1 episode,2013
Jeremy Cohenour,Dr. Boyd,1 episode,2013
Will Hawkes,Leo Davis,1 episode,2013
Jeff Howard,Tyler's Dad,1 episode,2013
Daniel Kash,Executive Two,1 episode,2013
Barbara Kerford,Transplant Surgeon,1 episode,2013
Chase Kim,Lawyer,1 episode,2013
Katy Kurtzman,Deedee Keller,1 episode,2013
Marty Ryan,Zach Mischer,1 episode,2013
Molly Schreiber,Flight Nurse,1 episode,2013
Lori Dean,OR Nurse,1 episode,2014
Edward James Gage,Adam Keller,1 episode,2014
Aaron Krebs,Rob Platt,1 episode,2014
Catharine J. Walsh,Nurse,1 episode,2014
Derick Alexander,Lab Tech,1 episode,2005
Matt Crabtree,IDC Dude,1 episode,2006
Amy Cale Peterson,Nurse Home Staffer,1 episode,2006
Pamela Zane,AA Member #1,1 episode,2006
Artie O'Daly,Intern 3,1 episode,2007
Craig Tsuyumine,TV Reporter,1 episode,2007
Vince Cefalu,ND Patient,1 episode,2008
Therese Noelle Howe,Jessie Marshall,1 episode,2008
Janeline Hayes,Medic,1 episode,2009
Michael Brady,Fisherman #1,1 episode,2010
Seth McLaughlin,Corporal Burnett,1 episode,2010
Sabin Rich,Hairstylist,1 episode,2010
Nick Armstrong,Dave,1 episode,2011
Roberta Bassin,Trial Patient #4,1 episode,2011
Nina Monet Hudson,Asha,1 episode,2011
Fred Kronenberg,Roland Hobart,1 episode,2011
Vincent Angelo,Allan,1 episode,2012
Luke Ganalon,Chuckie,1 episode,2012
Adam Kolkin,Ethan,1 episode,2012
Shelby Zemanek,Clementine,1 episode,2012
Rey Borge,Bailiff,1 episode,2013
Liisa Cohen,Neonatologist,1 episode,2013
Robin DeMarco,Jane Keller,1 episode,2013
Matt Ferrucci,Closing Surgeon,1 episode,2013
Brandon Ford Green,Dr. Allen,1 episode,2013
Frankie Ingrassia,Tyler's Mom,1 episode,2013
Nick Jaine,Tim,1 episode,2013
Jason E. Kelley,Chuck,1 episode,2013
Vivian Kerr,Logger's Wife,1 episode,2013
Anzu Lawson,Executive Three,1 episode,2013
Eddie Navarro,Zombie,1 episode,2013
Nick Roth,Tim Bowman,1 episode,2013
Tara Shayne,Taylor Lanz,1 episode,2013
Jay Walker,Bike Messenger,1 episode,2013
Jenna Willis,Kim Welles,1 episode,2013
Lovlee Carroll,Janis,1 episode,2014
Angela Landis,Flight Attendant,1 episode,2014
Stephen Blackehart,Vic,1 episode,2005
Michael G. Davis,Danny,1 episode,2005
Alexandra Brandl,Karen,1 episode,2006
Alex Downs,AA Member #2,1 episode,2006
Toby Meuli,Chaz,1 episode,2006
Roger Bridges,Firefighter,1 episode,2007
Rob J. Greenlea,Second Paramedic,1 episode,2007
Jaden Sorensen,Michael,1 episode,2007
Terry Woodberry,Police Officer,1 episode,2007
Ann Russo,ER Nurse,1 episode,2008
Taylor Geare,Sage,1 episode,2009
Lori Yeghiayan,ND Surgeon #1,1 episode,2009
Kris A. Jeffrey,Fisherman #2,1 episode,2010
Tristen MacDonald,Sgt. Rebecca Cohen,1 episode,2010
Ingrid Walters,Nurse Vivian,1 episode,2010
Jacy King,Whitney Englander,1 episode,2011
Duane R. Shepard Sr.,Trial Patient #5,1 episode,2011
Ethan Dizon,Sean,1 episode,2012
Christopher Guyton,Big Foot,1 episode,2012
Kevin Michael Brown,Jury Foreman,1 episode,2013
Josh Davis,Bartender,1 episode,2013
Bridget Eftekhar,Nurse,1 episode,2013
Sam Fuller,Cash Keller,1 episode,2013
Alec Medlock,Kid,1 episode,2013
Catia Ojeda,Allie,1 episode,2013
Aubrey Peeples,Super Hot Girlfriend,1 episode,2013
Yvette Saunders,Dr. Collier,1 episode,2013
Eve Tanz,Derek Bailey Shepherd,1 episode,2013
Brian Chin,Airline Clerk,1 episode,2014
Yvonne Valadez-Thornburgh,OB-GYN Nurse,1 episode,2014
Patricia Harris-Smith,Patient's Wife,1 episode,2005
Paulina Olszynski,Lisa,1 episode,2006
Pamela Roylance,Alice Bickham,1 episode,2006
Domingo Vara,AA Member #3,1 episode,2006
Jonah Bay,Hopeful Guy,1 episode,2007
Cassandra Braden,Housekeeping Staffer,1 episode,2007
Traber Burns,Andy's Lawyer,1 episode,2007
Parisa Fitz-Henley,Cami Davis,1 episode,2007
Terrence Flack,Henry Flynn,1 episode,2007
Monica Herman,Molly,1 episode,2007
Nick Hoffa,Firefighter #2,1 episode,2007
Jennifer Sydney,Naked Hot Chick,1 episode,2008
Frank Ertl,Michael Goldman,1 episode,2009
Curtis Harris,Tyler,1 episode,2009
Alex Quijano,Random Guy,1 episode,2010
Greg Bond,Broken Leg Guy,1 episode,2011
Catherine Grace,Trial Patient #6,1 episode,2011
Cade Owens,Nathan Englander,1 episode,2011
Heather Brooker,Daycare Worker #2,1 episode,2012
Jody Carter,Old Lady,1 episode,2012
Raymond Forchion,Minister,1 episode,2013
Erica Giles,Receptionist,1 episode,2013
Maggie Gwin,Olivia Noel,1 episode,2013
Anton Narinskiy,Gunnar,1 episode,2013
Elle Tanz,Derek Bailey Shepherd,1 episode,2013
Michelle Alegria,Morning Anchor,1 episode,2014
Cole Michaels,Kevin Platt,1 episode,2014
James D Thomas,Orderly,1 episode,2014
Debra D. Holt,Big Man's Wife,1 episode,2005
Nicolette Collier,Young Meredith,1 episode,2006
Teddi Siddall,Anne,1 episode,2006
Toia Thompson,AA Member #4,1 episode,2006
Liza de Weerd,Woman,1 episode,2007
Nadji Jeter,Bobby,1 episode,2007
Shavon Kirksey,Maya Bennett,1 episode,2007
Michael Brouillet,Secret Service Agent,1 episode,2010
Charles Carpenter,Party Guy #1,1 episode,2010
Sara Giller,Waitress,1 episode,2010
Marcus Choi,Young Man,1 episode,2011
Cici Lau,Trial Partner #1,1 episode,2011
Darren Dupree Washington,Reporter,1 episode,2011
Raff Anoushian,Cabbie,1 episode,2012
Bob Bledsoe,Man,1 episode,2012
Peter Sabri,Flight Nurse,1 episode,2012
Tatiana Chekhova,Seamstress,1 episode,2013
Madeleine Hamer,Assistant,1 episode,2013
Caitlyn Leone,Iris Kane,1 episode,2013
Ludwig Manukian,Bus Driver,1 episode,2013
Renee Pezzotta,ER Nurse,1 episode,2013
Jason Boegh,Excited Doctor #1,1 episode,2014
Sara A. Emami,Mom,1 episode,2014
JJ Snyder,Reporter,1 episode,2014
Nate Reese,Father of Patient #1,1 episode,2005
Alison Crowley,Clinic Nurse,1 episode,2007
Pete Flynn,Paramedic #1,1 episode,2007
Na'Kia Bell Smith,Tina,1 episode,2007
Miles Elliot,Boy,1 episode,2010
Fabrizio Zacharee Guido,Drew McNeil,1 episode,2010
Angelina Hong,Sobbing Woman,1 episode,2010
Brian Ames,Passerby,1 episode,2011
Aixa Clemente,Trial Partner #3,1 episode,2011
Kiran Deol,Young Woman,1 episode,2011
Philipe Preston,Entitled Incompetent #1,1 episode,2012
Casey Corn,OB Nurse,1 episode,2013
Maxwele D'Angelo,DJ,1 episode,2013
Will Jennings,Bobby Brinn,1 episode,2013
Bryce Lee Townsend,Elliot Hooks,1 episode,2013
Stephanie Maura Sanchez,Admitting Nurse,1 episode,2013
Jett Weinstein,David Kane,1 episode,2013
Matthew Bohrer,Male Reporter,1 episode,2014
Ana Dela Cruz,Excited Doctor #2,1 episode,2014
JB Tadena,Nurse Adam,1 episode,2014
Joan McCrea,Louis' Wife's Mother,1 episode,2005
Trista Delamere,S.G.H. Clinic Nurse,1 episode,2007
Peter Smith,Code Nurse,1 episode,2007
Natalie Dye,Vicky Hobart,1 episode,2011
Darryl Sivad,Justice of the Peace,1 episode,2011
Levi Freeman,Entitled Incompetent #2,1 episode,2012
Reggie Jordan,Reporter #1,1 episode,2012
Faith Alhadeff,Shelly Keyser,1 episode,2013
Catherine An,OR Nurse,1 episode,2013
Kevin Wayne Berger,Bartender,1 episode,2013
Amber Friendly,Photographer,1 episode,2013
Kelly Sry,Tech,1 episode,2013
Curtis Walker,Medivac Guy,1 episode,2013
Kristin Bugayong,Peds Nurse,1 episode,2014
Graham Clarke,Weather Guy,1 episode,2014
Linda Nile,Louis' Wife's Sister,1 episode,2005
John Koyama,Search & Rescue #2,1 episode,2007
Edythe Davis,Trial Partner #5,1 episode,2011
Jet Jurgensmeyer,Jack Hobart,1 episode,2011
Rusty Burns,Reporter #2,1 episode,2012
Ella Jay Basco,Evie,1 episode,2013
Seril James,Doctor,1 episode,2014
Brian Sounalath,Tech,1 episode,2014
Marlon John,Search & Rescue #3,1 episode,2007
Jacqueline Larsen,Sarah Gordon,1 episode,2011
Jonny Acker,Delivery Man,1 episode,2012
Elena Schuber,Baby's Mom,1 episode,2014
Akeem Smith,Young Man,1 episode,2007
Josh Fingerhut,Police Officer,1 episode,2012
Alex Salem,Paramedic #3,1 episode,2013
Sean C. Graham,Baby's Dad,1 episode,2014
William Jackson,Old Man,1 episode,2007
Ed Ackerman,Eyeball Man,1 episode,2014
Robin Hines,Cute Girl,1 episode,2007
Kaine Reid,Parker Hedges,1 episode,2013
M.Q. Tran,Young Girl,1 episode,2014
Hunter Reid,Parker Hedges,1 episode,2013
Raedin Reid,Parker Hedges,1 episode,2013
Adam Graham,Emergency Room Intern,1 episode,2007
Frederick Keith Johnson,Patient,1 episode,2008
Corey Kaloostian,Jason Piaz,1 episode,2010
Kelly Kreiser,Candy Striper,1 episode,2010
Steven Anders,Trial Partner #4,1 episode,2011
Kimberly Douglas,Intern #3,1 episode,2011
Claudio Fabbri,Student,1 episode,2011
Desary Vailencour,Nurse,1 episode,2011
Tiphani Abney,Nurse,1 episode,2012
Suzan Averitt,Mrs. Coggins,1 episode,2012
Mackenzie Bicknell,Baby Sophia,1 episode,2012
Madelyn Bicknell,Baby Sophia,1 episode,2012
Lynne Alana Delaney,Nurse Tucker,1 episode,2012
Melissa Jo Hunter,Reporter,1 episode,2012
Patriece Isaac,Intern,1 episode,2012
Amahaad Lee,Scrub Nurse,1 episode,2012
Ilea Matthews,Noel,1 episode,2012
Segis Avila,Julian Crest's Executive Assistant,1 episode,2013
Kimberley Datnow,Waiter,1 episode,2013
Sharon Ferguson,EMT Dancer,1 episode,2013
Aaron Denius Garcia,Bartender,1 episode,2013
Tommy Gunn,Background Biker,1 episode,2013
Linda Jossana,ER Nurse,1 episode,2013
Laura Kranz,ER Nurse,1 episode,2013
Ryan Robertson,Best Man,1 episode,2013
Toni-Marie Spera,Brad's Cousin,1 episode,2013
Alexandra Swarens,Carly,1 episode,2013
Christine Weatherup,Crystal,1 episode,2013
Geoffrey Arend,Thom,1 episode,2014
Alanna Boatright,Marie,1 episode,2014
W. Earl Brown,Herb Cramer,1 episode,2014
Lydia Castro,Marilyn Rocher,1 episode,2014
Lisa Joffrey,Kim Cole,1 episode,2014
Wilfred Lopez,X-Ray Tech,1 episode,2014
Alyson Reed,Anne from HR,1 episode,2014
Charlotte Alexis White,Alyssa Cramer,1 episode,2014
